<?xml version="1.0" encoding="UTF-8"?>
<project-private xmlns="http://www.netbeans.org/ns/project-private/1">
    <editor-bookmarks xmlns="http://www.netbeans.org/ns/editor-bookmarks/2" lastBookmarkId="0"/>
    <open-files xmlns="http://www.netbeans.org/ns/projectui-open-files/2">
        <group>
            <file>file:/C:/Sabrina/Cliente_Cervidor/WcalculoInss/src/java/Calcular.java</file>
            <file>file:/C:/Sabrina/Cliente_Cervidor/WcalculoInss/web/index.html</file>
            <file>file:/C:/Sabrina/Cliente_Cervidor/WcalculoInss/src/java/Calculo.java</file>
        </group>
    </open-files>
</project-private>
